popsize,genenumber,generationnumber,viabilityratio0,viabilityratio1,viabilityratio2,viabilityratio3,viabilityratio4
100,5,0,-0.14874165128092473,-0.16115090926274464,-0.2076083105017461,-0.1549019599857432,-0.16115090926274464
100,5,1,-0.10237290870955855,-0.0809219076239261,-0.16115090926274464,-0.0809219076239261,-0.10237290870955855
100,5,2,-0.09691001300805638,-0.09151498112135022,-0.14874165128092473,-0.08618614761628327,-0.14266750356873154
100,5,3,-0.10790539730951958,-0.07058107428570727,-0.12493873660829993,-0.09151498112135022,-0.0809219076239261
100,5,4,-0.1307682802690238,-0.045757490560675115,-0.14266750356873154,-0.07572071393811836,-0.07058107428570727
100,5,5,-0.10237290870955855,-0.045757490560675115,-0.11350927482751812,-0.07058107428570727,-0.09151498112135022
100,5,6,-0.07572071393811836,-0.040958607678906384,-0.10237290870955855,-0.08618614761628327,-0.08618614761628327
100,5,7,-0.0809219076239261,-0.026872146400301312,-0.0809219076239261,-0.06550154875643228,-0.06550154875643228
100,5,8,-0.0809219076239261,-0.02227639471115225,-0.10790539730951958,-0.06550154875643228,-0.045757490560675115
100,5,9,-0.0809219076239261,-0.013228265733755159,-0.07058107428570727,-0.03621217265444471,-0.05551732784983136
100,5,10,-0.05551732784983136,-0.013228265733755159,-0.031517051446064856,-0.02227639471115225,-0.013228265733755159
100,5,11,-0.040958607678906384,-0.017728766960431602,-0.02227639471115225,-0.03621217265444471,-0.040958607678906384
100,5,12,-0.0506099933550872,-0.02227639471115225,-0.017728766960431602,-0.02227639471115225,-0.045757490560675115
100,5,13,-0.031517051446064856,-0.013228265733755159,-0.040958607678906384,-0.02227639471115225,-0.07058107428570727
100,5,14,-0.017728766960431602,-0.00877392430750515,-0.045757490560675115,-0.026872146400301312,-0.0506099933550872
100,5,15,-0.040958607678906384,-0.02227639471115225,-0.031517051446064856,-0.013228265733755159,-0.031517051446064856
100,5,16,-0.03621217265444471,-0.017728766960431602,-0.02227639471115225,-0.013228265733755159,-0.045757490560675115
100,5,17,-0.017728766960431602,-0.026872146400301312,-0.026872146400301312,-0.00877392430750515,-0.02227639471115225
100,5,18,-0.017728766960431602,-0.03621217265444471,-0.02227639471115225,-0.017728766960431602,-0.00877392430750515
100,5,19,-0.017728766960431602,-0.02227639471115225,-0.017728766960431602,-0.017728766960431602,-0.013228265733755159
100,5,20,-0.026872146400301312,-0.013228265733755159,-0.02227639471115225,-0.017728766960431602,-0.02227639471115225
100,5,21,-0.026872146400301312,-0.004364805402450088,-0.004364805402450088,-0.02227639471115225,-0.013228265733755159
100,5,22,-0.017728766960431602,-0.004364805402450088,-0.00877392430750515,-0.040958607678906384,-0.017728766960431602
100,5,23,-0.013228265733755159,-0.02227639471115225,-0.031517051446064856,-0.00877392430750515,-0.00877392430750515
100,5,24,-0.013228265733755159,-0.004364805402450088,-0.02227639471115225,-0.004364805402450088,-0.026872146400301312
100,5,25,-0.00877392430750515,-0.013228265733755159,-0.02227639471115225,0.004321373782642578,-0.017728766960431602
100,5,26,-0.00877392430750515,-0.031517051446064856,-0.040958607678906384,-0.013228265733755159,-0.031517051446064856
100,5,27,-0.004364805402450088,-0.013228265733755159,-0.017728766960431602,-0.004364805402450088,-0.026872146400301312
100,5,28,-0.02227639471115225,-0.013228265733755159,-0.045757490560675115,-0.004364805402450088,-0.013228265733755159
100,5,29,-0.017728766960431602,-0.026872146400301312,-0.031517051446064856,-0.00877392430750515,-0.040958607678906384
100,5,30,-0.013228265733755159,-0.017728766960431602,-0.031517051446064856,-0.013228265733755159,-0.013228265733755159
100,5,31,-0.031517051446064856,-0.00877392430750515,-0.026872146400301312,-0.00877392430750515,-0.031517051446064856
100,5,32,-0.004364805402450088,-0.004364805402450088,-0.017728766960431602,-0.004364805402450088,-0.00877392430750515
100,5,33,-0.00877392430750515,-0.004364805402450088,-0.02227639471115225,-0.004364805402450088,-0.031517051446064856
100,5,34,-0.017728766960431602,-0.00877392430750515,-0.026872146400301312,0.0,-0.013228265733755159
100,5,35,0.0,0.0,-0.00877392430750515,0.0,-0.004364805402450088
100,5,36,-0.00877392430750515,-0.004364805402450088,-0.026872146400301312,0.004321373782642578,-0.02227639471115225
100,5,37,0.0,0.0,-0.00877392430750515,-0.00877392430750515,-0.00877392430750515
100,5,38,-0.00877392430750515,0.004321373782642578,-0.031517051446064856,-0.00877392430750515,0.0
100,5,39,-0.00877392430750515,0.004321373782642578,-0.026872146400301312,-0.013228265733755159,-0.004364805402450088
100,5,40,-0.00877392430750515,-0.004364805402450088,-0.017728766960431602,-0.004364805402450088,-0.004364805402450088
100,5,41,0.0,-0.013228265733755159,-0.017728766960431602,-0.00877392430750515,-0.004364805402450088
100,5,42,-0.00877392430750515,0.004321373782642578,-0.02227639471115225,0.004321373782642578,0.0
100,5,43,0.0,-0.004364805402450088,-0.013228265733755159,0.004321373782642578,0.004321373782642578
100,5,44,0.004321373782642578,-0.017728766960431602,0.0,0.004321373782642578,0.004321373782642578
100,5,45,-0.004364805402450088,-0.013228265733755159,-0.026872146400301312,0.0,0.0
100,5,46,0.004321373782642578,-0.017728766960431602,-0.004364805402450088,-0.004364805402450088,0.004321373782642578
100,5,47,-0.00877392430750515,-0.004364805402450088,-0.004364805402450088,-0.004364805402450088,0.004321373782642578
100,5,48,0.004321373782642578,-0.013228265733755159,0.0,0.0,0.0
100,5,49,0.004321373782642578,-0.00877392430750515,-0.02227639471115225,-0.013228265733755159,0.004321373782642578
100,5,50,-0.004364805402450088,-0.00877392430750515,-0.013228265733755159,-0.013228265733755159,-0.00877392430750515
100,5,51,0.004321373782642578,-0.004364805402450088,-0.017728766960431602,0.0,0.0
100,5,52,-0.004364805402450088,0.0,-0.004364805402450088,-0.004364805402450088,0.004321373782642578
100,5,53,-0.00877392430750515,0.0,-0.02227639471115225,-0.02227639471115225,-0.004364805402450088
100,5,54,-0.004364805402450088,-0.004364805402450088,-0.026872146400301312,-0.004364805402450088,-0.004364805402450088
100,5,55,-0.00877392430750515,0.004321373782642578,-0.0506099933550872,0.0,0.0
100,5,56,-0.00877392430750515,-0.004364805402450088,-0.00877392430750515,-0.004364805402450088,0.0
100,5,57,0.0,-0.004364805402450088,-0.017728766960431602,0.0,0.004321373782642578
100,5,58,-0.017728766960431602,0.0,-0.026872146400301312,0.0,0.004321373782642578
100,5,59,-0.004364805402450088,-0.004364805402450088,-0.045757490560675115,0.004321373782642578,0.0
100,5,60,-0.03621217265444471,-0.00877392430750515,-0.040958607678906384,0.004321373782642578,0.0
100,5,61,-0.004364805402450088,-0.00877392430750515,-0.03621217265444471,0.0,0.0
100,5,62,-0.004364805402450088,-0.004364805402450088,-0.026872146400301312,-0.00877392430750515,0.004321373782642578
100,5,63,-0.00877392430750515,-0.013228265733755159,-0.03621217265444471,0.004321373782642578,0.004321373782642578
100,5,64,-0.02227639471115225,-0.026872146400301312,-0.026872146400301312,0.0,0.004321373782642578
100,5,65,-0.013228265733755159,-0.004364805402450088,-0.017728766960431602,-0.00877392430750515,0.004321373782642578
100,5,66,0.0,0.0,-0.013228265733755159,0.0,0.0
100,5,67,-0.026872146400301312,-0.02227639471115225,-0.031517051446064856,0.004321373782642578,0.004321373782642578
100,5,68,-0.013228265733755159,-0.004364805402450088,-0.03621217265444471,0.0,0.004321373782642578
100,5,69,-0.017728766960431602,-0.013228265733755159,-0.03621217265444471,0.004321373782642578,0.004321373782642578
100,5,70,-0.017728766960431602,-0.017728766960431602,-0.013228265733755159,0.004321373782642578,0.004321373782642578
100,5,71,-0.03621217265444471,-0.02227639471115225,-0.017728766960431602,-0.00877392430750515,-0.00877392430750515
100,5,72,-0.00877392430750515,-0.004364805402450088,-0.013228265733755159,0.0,0.004321373782642578
100,5,73,-0.004364805402450088,-0.00877392430750515,-0.00877392430750515,-0.00877392430750515,0.004321373782642578
100,5,74,-0.00877392430750515,-0.017728766960431602,-0.03621217265444471,-0.004364805402450088,0.0
100,5,75,-0.02227639471115225,-0.017728766960431602,-0.031517051446064856,-0.004364805402450088,0.0
100,5,76,-0.017728766960431602,-0.040958607678906384,-0.026872146400301312,-0.004364805402450088,0.0
100,5,77,-0.017728766960431602,-0.040958607678906384,-0.06550154875643228,-0.017728766960431602,0.0
100,5,78,-0.013228265733755159,-0.040958607678906384,-0.05551732784983136,-0.004364805402450088,-0.004364805402450088
100,5,79,-0.017728766960431602,-0.013228265733755159,-0.040958607678906384,0.0,0.0
100,5,80,-0.02227639471115225,0.0,-0.0506099933550872,0.004321373782642578,0.004321373782642578
100,5,81,-0.004364805402450088,0.0,-0.031517051446064856,0.004321373782642578,0.004321373782642578
100,5,82,-0.02227639471115225,0.004321373782642578,-0.031517051446064856,0.004321373782642578,0.004321373782642578
100,5,83,-0.00877392430750515,0.0,-0.05551732784983136,0.0,0.004321373782642578
100,5,84,-0.00877392430750515,-0.004364805402450088,-0.040958607678906384,0.004321373782642578,0.004321373782642578
100,5,85,-0.004364805402450088,-0.00877392430750515,-0.017728766960431602,0.0,0.004321373782642578
100,5,86,0.0,-0.02227639471115225,-0.031517051446064856,0.004321373782642578,0.004321373782642578
100,5,87,0.0,-0.004364805402450088,-0.00877392430750515,0.004321373782642578,0.004321373782642578
100,5,88,-0.013228265733755159,0.004321373782642578,-0.013228265733755159,0.004321373782642578,0.004321373782642578
100,5,89,0.0,-0.004364805402450088,-0.017728766960431602,0.004321373782642578,0.004321373782642578
100,5,90,0.0,-0.013228265733755159,-0.004364805402450088,0.004321373782642578,0.004321373782642578
100,5,91,-0.00877392430750515,-0.00877392430750515,0.0,0.004321373782642578,0.004321373782642578
100,5,92,-0.013228265733755159,-0.013228265733755159,-0.026872146400301312,0.004321373782642578,0.004321373782642578
100,5,93,-0.017728766960431602,-0.00877392430750515,-0.026872146400301312,0.004321373782642578,0.004321373782642578
100,5,94,-0.017728766960431602,-0.02227639471115225,-0.02227639471115225,0.004321373782642578,0.0
100,5,95,-0.017728766960431602,-0.00877392430750515,-0.02227639471115225,0.004321373782642578,0.0
100,5,96,-0.03621217265444471,-0.013228265733755159,-0.02227639471115225,0.004321373782642578,0.0
100,5,97,-0.017728766960431602,-0.02227639471115225,-0.031517051446064856,0.004321373782642578,0.0
100,5,98,-0.00877392430750515,-0.031517051446064856,-0.045757490560675115,0.004321373782642578,-0.00877392430750515
100,5,99,-0.031517051446064856,-0.00877392430750515,-0.06048074738138147,0.004321373782642578,-0.013228265733755159
100,5,100,-0.040958607678906384,-0.02227639471115225,-0.03621217265444471,0.0,-0.004364805402450088
100,5,101,-0.026872146400301312,-0.00877392430750515,-0.031517051446064856,0.004321373782642578,-0.00877392430750515
100,5,102,-0.017728766960431602,-0.017728766960431602,-0.031517051446064856,0.0,-0.00877392430750515
100,5,103,-0.017728766960431602,-0.031517051446064856,-0.026872146400301312,0.0,-0.004364805402450088
100,5,104,-0.040958607678906384,-0.017728766960431602,-0.013228265733755159,0.004321373782642578,0.0
100,5,105,-0.03621217265444471,0.0,-0.02227639471115225,0.004321373782642578,-0.00877392430750515
100,5,106,-0.03621217265444471,-0.004364805402450088,-0.013228265733755159,0.004321373782642578,-0.00877392430750515
100,5,107,-0.026872146400301312,-0.004364805402450088,-0.004364805402450088,0.0,-0.004364805402450088
100,5,108,-0.02227639471115225,-0.00877392430750515,-0.00877392430750515,-0.00877392430750515,0.0
100,5,109,-0.02227639471115225,-0.013228265733755159,-0.00877392430750515,-0.004364805402450088,0.0
100,5,110,-0.013228265733755159,-0.00877392430750515,-0.00877392430750515,0.0,0.0
100,5,111,-0.004364805402450088,-0.013228265733755159,0.0,0.0,0.004321373782642578
100,5,112,-0.013228265733755159,-0.02227639471115225,-0.013228265733755159,-0.00877392430750515,-0.004364805402450088
100,5,113,-0.013228265733755159,-0.013228265733755159,-0.017728766960431602,-0.004364805402450088,-0.004364805402450088
100,5,114,0.0,-0.004364805402450088,0.0,0.004321373782642578,-0.00877392430750515
100,5,115,-0.004364805402450088,-0.00877392430750515,-0.004364805402450088,0.004321373782642578,-0.017728766960431602
100,5,116,0.0,0.0,-0.004364805402450088,0.004321373782642578,-0.004364805402450088
100,5,117,0.0,-0.013228265733755159,0.0,0.004321373782642578,-0.013228265733755159
100,5,118,-0.004364805402450088,-0.02227639471115225,-0.004364805402450088,0.004321373782642578,-0.00877392430750515
100,5,119,0.0,-0.004364805402450088,-0.004364805402450088,0.004321373782642578,-0.013228265733755159
100,5,120,0.0,-0.013228265733755159,0.0,0.004321373782642578,-0.004364805402450088
100,5,121,0.004321373782642578,-0.00877392430750515,-0.004364805402450088,0.004321373782642578,-0.013228265733755159
100,5,122,0.004321373782642578,0.0,0.0,0.0,0.0
100,5,123,0.0,-0.00877392430750515,0.0,0.0,0.004321373782642578
100,5,124,0.0,0.0,0.0,-0.00877392430750515,0.004321373782642578
100,5,125,0.004321373782642578,-0.004364805402450088,0.0,-0.004364805402450088,0.0
100,5,126,0.004321373782642578,0.004321373782642578,0.0,-0.00877392430750515,-0.00877392430750515
100,5,127,0.0,0.004321373782642578,-0.004364805402450088,-0.004364805402450088,0.004321373782642578
100,5,128,-0.00877392430750515,0.004321373782642578,-0.00877392430750515,0.0,-0.004364805402450088
100,5,129,0.004321373782642578,0.004321373782642578,-0.004364805402450088,-0.004364805402450088,0.004321373782642578
100,5,130,0.004321373782642578,0.0,0.0,-0.013228265733755159,0.004321373782642578
100,5,131,-0.004364805402450088,0.0,0.004321373782642578,-0.00877392430750515,0.004321373782642578
100,5,132,0.004321373782642578,0.0,0.004321373782642578,-0.004364805402450088,0.0
100,5,133,0.004321373782642578,-0.004364805402450088,0.0,0.004321373782642578,0.0
100,5,134,0.004321373782642578,0.004321373782642578,0.004321373782642578,0.004321373782642578,0.0
100,5,135,0.004321373782642578,0.004321373782642578,0.004321373782642578,0.004321373782642578,-0.00877392430750515
100,5,136,0.0,0.004321373782642578,0.0,-0.004364805402450088,-0.02227639471115225
100,5,137,-0.017728766960431602,0.0,0.004321373782642578,0.0,-0.02227639471115225
100,5,138,-0.017728766960431602,-0.004364805402450088,0.0,0.0,0.0
100,5,139,-0.013228265733755159,0.0,0.0,0.004321373782642578,-0.00877392430750515
100,5,140,-0.040958607678906384,0.004321373782642578,0.004321373782642578,0.004321373782642578,-0.004364805402450088
100,5,141,-0.026872146400301312,-0.004364805402450088,-0.004364805402450088,0.004321373782642578,-0.00877392430750515
100,5,142,-0.00877392430750515,-0.004364805402450088,-0.00877392430750515,0.004321373782642578,-0.013228265733755159
100,5,143,-0.02227639471115225,0.0,-0.004364805402450088,-0.004364805402450088,-0.00877392430750515
100,5,144,-0.00877392430750515,0.0,0.0,-0.004364805402450088,-0.004364805402450088
100,5,145,-0.00877392430750515,0.0,0.0,0.004321373782642578,0.0
100,5,146,0.0,0.0,0.0,-0.00877392430750515,0.004321373782642578
100,5,147,0.0,0.0,-0.004364805402450088,0.004321373782642578,0.0
100,5,148,0.0,0.004321373782642578,0.0,0.0,0.0
100,5,149,0.004321373782642578,0.004321373782642578,-0.004364805402450088,0.0,-0.004364805402450088
100,5,150,-0.004364805402450088,-0.004364805402450088,0.004321373782642578,0.0,-0.004364805402450088
100,5,151,-0.004364805402450088,-0.004364805402450088,-0.004364805402450088,-0.004364805402450088,-0.004364805402450088
100,5,152,-0.017728766960431602,0.0,-0.00877392430750515,-0.013228265733755159,0.0
100,5,153,0.0,0.0,-0.00877392430750515,0.0,-0.004364805402450088
100,5,154,-0.013228265733755159,0.004321373782642578,0.0,0.0,-0.013228265733755159
100,5,155,-0.004364805402450088,0.0,-0.013228265733755159,-0.004364805402450088,0.0
100,5,156,0.004321373782642578,0.004321373782642578,-0.00877392430750515,-0.00877392430750515,0.004321373782642578
100,5,157,0.004321373782642578,0.004321373782642578,-0.013228265733755159,-0.00877392430750515,0.0
100,5,158,-0.004364805402450088,0.0,-0.013228265733755159,-0.004364805402450088,-0.004364805402450088
100,5,159,0.004321373782642578,0.004321373782642578,-0.00877392430750515,-0.026872146400301312,0.004321373782642578
100,5,160,0.004321373782642578,0.0,-0.013228265733755159,-0.02227639471115225,0.004321373782642578
100,5,161,0.004321373782642578,-0.004364805402450088,-0.017728766960431602,-0.013228265733755159,0.004321373782642578
100,5,162,0.004321373782642578,-0.013228265733755159,0.004321373782642578,-0.00877392430750515,0.0
100,5,163,0.0,-0.026872146400301312,0.0,-0.013228265733755159,-0.00877392430750515
100,5,164,0.004321373782642578,-0.004364805402450088,-0.00877392430750515,-0.013228265733755159,0.0
100,5,165,0.0,-0.004364805402450088,-0.00877392430750515,-0.004364805402450088,0.004321373782642578
100,5,166,0.0,-0.004364805402450088,-0.004364805402450088,-0.00877392430750515,0.004321373782642578
100,5,167,0.0,0.0,-0.004364805402450088,0.0,0.004321373782642578
100,5,168,0.004321373782642578,0.0,-0.004364805402450088,0.0,0.004321373782642578
100,5,169,0.004321373782642578,0.0,-0.00877392430750515,0.004321373782642578,0.004321373782642578
100,5,170,0.004321373782642578,0.0,-0.004364805402450088,0.0,0.004321373782642578
100,5,171,0.004321373782642578,-0.004364805402450088,0.0,0.004321373782642578,0.004321373782642578
100,5,172,0.004321373782642578,0.004321373782642578,0.0,0.004321373782642578,0.004321373782642578
100,5,173,0.004321373782642578,0.004321373782642578,-0.004364805402450088,-0.004364805402450088,0.0
100,5,174,0.004321373782642578,-0.004364805402450088,-0.00877392430750515,0.0,0.004321373782642578
100,5,175,0.0,-0.004364805402450088,0.0,-0.004364805402450088,0.0
100,5,176,0.004321373782642578,0.0,0.004321373782642578,0.004321373782642578,0.0
100,5,177,0.004321373782642578,0.0,-0.00877392430750515,0.0,0.004321373782642578
100,5,178,0.004321373782642578,0.0,-0.00877392430750515,0.0,-0.004364805402450088
100,5,179,0.004321373782642578,0.004321373782642578,-0.00877392430750515,0.0,0.0
100,5,180,0.0,0.004321373782642578,0.004321373782642578,0.0,-0.004364805402450088
100,5,181,-0.004364805402450088,0.0,-0.013228265733755159,0.004321373782642578,0.004321373782642578
100,5,182,0.004321373782642578,0.0,-0.00877392430750515,0.004321373782642578,0.0
100,5,183,0.004321373782642578,0.0,-0.00877392430750515,0.0,-0.013228265733755159
100,5,184,0.0,0.004321373782642578,-0.013228265733755159,0.004321373782642578,-0.00877392430750515
100,5,185,0.004321373782642578,-0.004364805402450088,0.0,0.004321373782642578,0.0
100,5,186,-0.00877392430750515,0.004321373782642578,-0.004364805402450088,0.004321373782642578,0.004321373782642578
100,5,187,0.0,0.0,-0.004364805402450088,0.0,0.0
100,5,188,0.004321373782642578,0.004321373782642578,0.0,0.004321373782642578,0.0
100,5,189,0.0,0.0,0.0,0.004321373782642578,-0.004364805402450088
100,5,190,0.004321373782642578,-0.00877392430750515,-0.004364805402450088,0.004321373782642578,-0.013228265733755159
100,5,191,0.004321373782642578,0.0,-0.00877392430750515,0.004321373782642578,-0.013228265733755159
100,5,192,-0.00877392430750515,-0.004364805402450088,-0.004364805402450088,0.004321373782642578,-0.013228265733755159
100,5,193,0.0,0.004321373782642578,-0.004364805402450088,0.0,0.0
100,5,194,0.0,0.004321373782642578,-0.004364805402450088,-0.00877392430750515,0.0
100,5,195,0.004321373782642578,0.0,-0.004364805402450088,-0.004364805402450088,0.0
100,5,196,0.004321373782642578,0.0,-0.013228265733755159,-0.004364805402450088,-0.00877392430750515
100,5,197,0.0,0.004321373782642578,-0.00877392430750515,0.004321373782642578,-0.026872146400301312
100,5,198,0.004321373782642578,0.004321373782642578,-0.013228265733755159,0.0,-0.017728766960431602
100,5,199,0.0,0.0,-0.00877392430750515,0.0,-0.017728766960431602
100,5,200,0.004321373782642578,0.004321373782642578,-0.00877392430750515,0.004321373782642578,-0.031517051446064856
100,5,201,0.004321373782642578,0.004321373782642578,-0.004364805402450088,0.0,-0.03621217265444471
100,5,202,0.0,0.004321373782642578,-0.004364805402450088,0.004321373782642578,-0.031517051446064856
100,5,203,0.0,0.004321373782642578,0.0,-0.004364805402450088,-0.03621217265444471
100,5,204,-0.013228265733755159,0.0,0.0,0.0,-0.013228265733755159
100,5,205,0.0,0.004321373782642578,0.004321373782642578,0.004321373782642578,-0.017728766960431602
100,5,206,-0.004364805402450088,0.0,-0.004364805402450088,0.0,-0.013228265733755159
100,5,207,0.004321373782642578,0.004321373782642578,-0.00877392430750515,0.0,-0.00877392430750515
100,5,208,-0.00877392430750515,0.0,-0.013228265733755159,-0.004364805402450088,-0.013228265733755159
100,5,209,0.0,-0.00877392430750515,-0.013228265733755159,0.004321373782642578,-0.00877392430750515
100,5,210,-0.004364805402450088,0.0,-0.017728766960431602,0.004321373782642578,-0.004364805402450088
100,5,211,-0.004364805402450088,-0.004364805402450088,-0.013228265733755159,0.0,-0.004364805402450088
100,5,212,-0.004364805402450088,-0.004364805402450088,-0.013228265733755159,0.004321373782642578,-0.004364805402450088
100,5,213,-0.00877392430750515,0.0,-0.00877392430750515,0.004321373782642578,0.0
100,5,214,0.0,-0.004364805402450088,-0.013228265733755159,-0.004364805402450088,0.0
100,5,215,-0.004364805402450088,-0.004364805402450088,-0.013228265733755159,0.004321373782642578,0.0
100,5,216,0.0,0.004321373782642578,-0.00877392430750515,0.004321373782642578,0.0
100,5,217,0.0,0.004321373782642578,0.0,0.0,0.004321373782642578
100,5,218,-0.00877392430750515,0.0,0.0,0.004321373782642578,0.004321373782642578
100,5,219,-0.00877392430750515,0.004321373782642578,0.0,0.004321373782642578,0.004321373782642578
100,5,220,-0.004364805402450088,0.004321373782642578,0.004321373782642578,0.004321373782642578,0.004321373782642578
100,5,221,-0.004364805402450088,0.004321373782642578,0.004321373782642578,0.004321373782642578,0.004321373782642578
100,5,222,0.0,0.004321373782642578,0.004321373782642578,0.0,0.004321373782642578
100,5,223,0.004321373782642578,0.004321373782642578,-0.004364805402450088,-0.004364805402450088,0.004321373782642578
100,5,224,0.004321373782642578,0.004321373782642578,-0.004364805402450088,0.004321373782642578,0.004321373782642578
100,5,225,0.0,0.004321373782642578,-0.004364805402450088,0.004321373782642578,0.004321373782642578
100,5,226,0.004321373782642578,0.004321373782642578,-0.004364805402450088,0.004321373782642578,0.0
100,5,227,0.004321373782642578,0.004321373782642578,-0.004364805402450088,0.004321373782642578,0.004321373782642578
100,5,228,0.004321373782642578,0.004321373782642578,-0.00877392430750515,0.004321373782642578,0.004321373782642578
100,5,229,0.004321373782642578,0.0,-0.004364805402450088,0.004321373782642578,0.0
100,5,230,0.0,0.004321373782642578,-0.017728766960431602,0.004321373782642578,0.004321373782642578
100,5,231,0.004321373782642578,0.004321373782642578,-0.00877392430750515,0.004321373782642578,0.004321373782642578
100,5,232,0.0,0.004321373782642578,-0.004364805402450088,0.004321373782642578,0.004321373782642578
100,5,233,0.004321373782642578,0.004321373782642578,0.0,0.004321373782642578,-0.004364805402450088
100,5,234,0.004321373782642578,0.004321373782642578,0.0,0.004321373782642578,-0.004364805402450088
100,5,235,-0.004364805402450088,0.004321373782642578,0.0,0.004321373782642578,0.0
100,5,236,0.004321373782642578,0.004321373782642578,-0.004364805402450088,0.0,-0.004364805402450088
100,5,237,0.0,-0.004364805402450088,-0.017728766960431602,0.0,-0.004364805402450088
100,5,238,-0.004364805402450088,0.004321373782642578,-0.017728766960431602,0.004321373782642578,0.004321373782642578
100,5,239,0.0,0.004321373782642578,-0.013228265733755159,0.0,0.0
100,5,240,0.0,0.004321373782642578,0.0,0.004321373782642578,-0.004364805402450088
100,5,241,-0.00877392430750515,-0.004364805402450088,0.004321373782642578,0.004321373782642578,-0.004364805402450088
100,5,242,-0.004364805402450088,0.004321373782642578,0.0,-0.004364805402450088,0.0
100,5,243,-0.004364805402450088,0.0,0.004321373782642578,0.004321373782642578,0.004321373782642578
100,5,244,0.0,-0.004364805402450088,-0.004364805402450088,0.004321373782642578,0.0
100,5,245,-0.00877392430750515,-0.004364805402450088,0.0,0.0,0.004321373782642578
100,5,246,-0.013228265733755159,-0.004364805402450088,0.0,0.004321373782642578,0.0
100,5,247,-0.00877392430750515,-0.004364805402450088,-0.00877392430750515,0.004321373782642578,0.004321373782642578
100,5,248,-0.00877392430750515,-0.004364805402450088,-0.00877392430750515,0.004321373782642578,0.004321373782642578
100,5,249,-0.004364805402450088,0.004321373782642578,-0.017728766960431602,0.0,0.004321373782642578
100,5,250,-0.004364805402450088,0.004321373782642578,-0.017728766960431602,0.0,0.0
100,5,251,-0.004364805402450088,0.0,-0.013228265733755159,0.004321373782642578,0.0
100,5,252,0.0,-0.004364805402450088,0.0,0.004321373782642578,0.0
100,5,253,0.004321373782642578,0.0,-0.02227639471115225,0.004321373782642578,0.0
100,5,254,-0.004364805402450088,0.0,-0.004364805402450088,0.004321373782642578,0.0
100,5,255,-0.017728766960431602,0.004321373782642578,-0.004364805402450088,0.0,-0.004364805402450088
100,5,256,-0.026872146400301312,0.004321373782642578,-0.004364805402450088,0.0,-0.004364805402450088
100,5,257,-0.02227639471115225,0.0,-0.02227639471115225,0.004321373782642578,0.004321373782642578
100,5,258,-0.00877392430750515,0.004321373782642578,-0.013228265733755159,0.0,0.004321373782642578
100,5,259,-0.004364805402450088,0.004321373782642578,-0.004364805402450088,0.0,0.004321373782642578
100,5,260,-0.013228265733755159,0.004321373782642578,-0.017728766960431602,0.004321373782642578,0.004321373782642578
100,5,261,-0.017728766960431602,0.004321373782642578,-0.004364805402450088,0.004321373782642578,0.004321373782642578
100,5,262,-0.00877392430750515,0.004321373782642578,-0.004364805402450088,-0.004364805402450088,0.004321373782642578
100,5,263,-0.013228265733755159,0.004321373782642578,-0.02227639471115225,0.004321373782642578,0.004321373782642578
100,5,264,-0.013228265733755159,0.004321373782642578,-0.00877392430750515,0.004321373782642578,0.004321373782642578
100,5,265,-0.004364805402450088,0.004321373782642578,-0.013228265733755159,0.0,0.004321373782642578
100,5,266,0.004321373782642578,0.004321373782642578,0.0,0.004321373782642578,0.004321373782642578
100,5,267,-0.00877392430750515,0.004321373782642578,0.004321373782642578,0.004321373782642578,0.004321373782642578
100,5,268,-0.013228265733755159,0.0,-0.004364805402450088,0.004321373782642578,0.004321373782642578
100,5,269,-0.004364805402450088,0.004321373782642578,-0.00877392430750515,0.0,0.004321373782642578
100,5,270,0.004321373782642578,0.0,-0.004364805402450088,0.004321373782642578,0.004321373782642578
100,5,271,0.004321373782642578,0.0,-0.00877392430750515,0.004321373782642578,0.004321373782642578
100,5,272,0.004321373782642578,0.0,-0.004364805402450088,0.0,0.0
100,5,273,0.0,0.004321373782642578,-0.017728766960431602,0.004321373782642578,0.0
100,5,274,0.004321373782642578,0.004321373782642578,0.004321373782642578,0.004321373782642578,0.004321373782642578
100,5,275,-0.004364805402450088,0.004321373782642578,-0.004364805402450088,0.004321373782642578,0.004321373782642578
100,5,276,0.0,0.0,0.004321373782642578,0.004321373782642578,0.0
100,5,277,0.004321373782642578,0.004321373782642578,-0.004364805402450088,0.004321373782642578,0.004321373782642578
100,5,278,-0.004364805402450088,0.004321373782642578,0.0,0.004321373782642578,0.004321373782642578
100,5,279,-0.00877392430750515,0.004321373782642578,-0.004364805402450088,0.004321373782642578,0.004321373782642578
100,5,280,-0.013228265733755159,0.004321373782642578,0.004321373782642578,0.004321373782642578,0.004321373782642578
100,5,281,-0.013228265733755159,0.004321373782642578,-0.00877392430750515,0.004321373782642578,0.0
100,5,282,0.0,0.004321373782642578,0.004321373782642578,0.004321373782642578,0.0
100,5,283,0.0,0.004321373782642578,0.004321373782642578,0.004321373782642578,0.004321373782642578
100,5,284,-0.00877392430750515,0.004321373782642578,-0.013228265733755159,0.004321373782642578,0.0
100,5,285,0.0,0.004321373782642578,-0.004364805402450088,0.004321373782642578,0.0
100,5,286,0.004321373782642578,0.004321373782642578,-0.013228265733755159,0.004321373782642578,-0.004364805402450088
100,5,287,0.004321373782642578,0.004321373782642578,-0.017728766960431602,0.004321373782642578,0.0
100,5,288,0.0,0.004321373782642578,-0.004364805402450088,0.004321373782642578,-0.00877392430750515
100,5,289,0.0,0.004321373782642578,-0.00877392430750515,0.004321373782642578,-0.004364805402450088
100,5,290,0.0,0.004321373782642578,-0.004364805402450088,0.004321373782642578,-0.00877392430750515
100,5,291,0.0,0.0,-0.00877392430750515,0.004321373782642578,-0.00877392430750515
100,5,292,0.0,0.0,-0.00877392430750515,0.0,0.0
100,5,293,0.0,0.004321373782642578,0.0,0.004321373782642578,-0.004364805402450088
100,5,294,0.0,0.0,-0.004364805402450088,0.0,-0.017728766960431602
100,5,295,0.004321373782642578,0.0,0.004321373782642578,0.0,-0.00877392430750515
100,5,296,-0.00877392430750515,-0.004364805402450088,0.0,0.0,-0.004364805402450088
100,5,297,0.0,0.004321373782642578,0.0,0.004321373782642578,0.004321373782642578
100,5,298,-0.00877392430750515,0.004321373782642578,0.0,0.004321373782642578,0.004321373782642578
100,5,299,0.004321373782642578,0.0,-0.004364805402450088,-0.00877392430750515,0.004321373782642578
