popsize,genenumber,generationnumber,diversity,viabilityratio0,viabilityratio1,viabilityratio2,viabilityratio3,viabilityratio4,viabilityratioDB0,viabilityratioDB1,viabilityratioDB2,viabilityratioDB3,viabilityratioDB4
300,5,0,0.99,0.5833333333333334,0.5566666666666666,0.61,0.6566666666666666,0.6766666666666666,-0.23160858690551261,-0.2518119729937996,-0.21230343171012597,-0.18045606445813137,-0.16749108729376372
300,5,1,0.9966666666666667,0.6733333333333333,0.69,0.6933333333333334,0.6866666666666666,0.7733333333333333,-0.1696252168064495,-0.15905791975690092,-0.15697496860860843,-0.1611509092627447,-0.10976533369364347
300,5,2,0.9966666666666667,0.7533333333333333,0.7633333333333333,0.6933333333333334,0.7733333333333333,0.7866666666666666,-0.12109539752653975,-0.1153934187020696,-0.15697496860860843,-0.10976533369364347,-0.1023729087095586
300,5,3,0.9933333333333333,0.75,0.8133333333333334,0.76,0.7866666666666666,0.8566666666666667,-0.12301281557226151,-0.08795517035512997,-0.11728577237977446,-0.1023729087095586,-0.06550154875643228
300,5,4,0.99,0.7733333333333333,0.8733333333333333,0.7833333333333333,0.8266666666666667,0.8733333333333333,-0.10976533369364347,-0.05716550622990459,-0.10420925174955586,-0.0809219076239261,-0.05716550622990459
300,5,5,0.9933333333333333,0.7933333333333333,0.86,0.8166666666666667,0.88,0.88,-0.09872335377152476,-0.06382149063841062,-0.08618614761628333,-0.053875380782854594,-0.053875380782854594
300,5,6,0.9933333333333333,0.75,0.8533333333333334,0.7866666666666666,0.8766666666666667,0.89,-0.12301281557226151,-0.06718813138836789,-0.1023729087095586,-0.05551732784983136,-0.04898646069087362
300,5,7,0.9966666666666667,0.82,0.87,0.8433333333333334,0.9033333333333333,0.9233333333333333,-0.08442430145999674,-0.058819963399917,-0.07228753809972437,-0.042552350685463744,-0.033076458801586175
300,5,8,0.9866666666666667,0.7933333333333333,0.89,0.8433333333333334,0.9266666666666666,0.9333333333333333,-0.09872335377152476,-0.04898646069087362,-0.07228753809972437,-0.03151705144606491,-0.028414934814582554
300,5,9,0.9866666666666667,0.8133333333333334,0.8933333333333333,0.85,0.8966666666666666,0.9466666666666667,-0.08795517035512997,-0.04736897471725448,-0.0688812894078129,-0.045757490560675164,-0.02227639471115225
300,5,10,0.9966666666666667,0.8633333333333333,0.8666666666666667,0.87,0.91,0.9333333333333333,-0.06214790674884451,-0.06048074738138147,-0.058819963399917,-0.039370691899274474,-0.028414934814582554
300,5,11,0.9833333333333333,0.8533333333333334,0.9166666666666666,0.88,0.92,0.97,-0.06718813138836789,-0.03621217265444476,-0.053875380782854594,-0.034641485655213876,-0.011738403271244171
300,5,12,0.99,0.8966666666666666,0.9233333333333333,0.8833333333333333,0.9566666666666667,0.93,-0.045757490560675164,-0.033076458801586175,-0.05223961808859547,-0.017728766960431602,-0.029963223377443206
300,5,13,0.9866666666666667,0.9133333333333333,0.9266666666666666,0.9066666666666666,0.96,0.98,-0.0377885608893998,-0.03151705144606491,-0.04095860767890643,-0.01622341196311461,-0.0072992387414994656
300,5,14,0.99,0.9366666666666666,0.9166666666666666,0.9066666666666666,0.97,0.9733333333333334,-0.026872146400301365,-0.03621217265444476,-0.04095860767890643,-0.011738403271244171,-0.010253634365552973
300,5,15,0.9833333333333333,0.9133333333333333,0.9233333333333333,0.8833333333333333,0.9666666666666667,0.97,-0.0377885608893998,-0.033076458801586175,-0.05223961808859547,-0.013228265733755159,-0.011738403271244171
300,5,16,0.9766666666666667,0.94,0.9,0.8533333333333334,0.9666666666666667,0.96,-0.025334819195372237,-0.044151963845256714,-0.06718813138836789,-0.013228265733755159,-0.01622341196311461
300,5,17,0.99,0.9433333333333334,0.9133333333333333,0.9,0.97,0.98,-0.023802914672624763,-0.0377885608893998,-0.044151963845256714,-0.011738403271244171,-0.0072992387414994656
300,5,18,0.9933333333333333,0.9633333333333334,0.9233333333333333,0.8733333333333333,0.98,0.98,-0.014723256820706345,-0.033076458801586175,-0.05716550622990459,-0.0072992387414994656,-0.0072992387414994656
300,5,19,0.9833333333333333,0.9433333333333334,0.91,0.8766666666666667,0.9766666666666667,0.9866666666666667,-0.023802914672624763,-0.039370691899274474,-0.05551732784983136,-0.00877392430750515,-0.004364805402450088
300,5,20,0.9866666666666667,0.9733333333333334,0.92,0.8866666666666667,0.9533333333333334,0.9933333333333333,-0.010253634365552973,-0.034641485655213876,-0.0506099933550872,-0.01923935798567011,-0.0014500663952328225
300,5,21,0.9966666666666667,0.9533333333333334,0.9433333333333334,0.88,0.97,0.99,-0.01923935798567011,-0.023802914672624763,-0.053875380782854594,-0.011738403271244171,-0.002904990643407222
300,5,22,0.9866666666666667,0.97,0.9466666666666667,0.8933333333333333,0.98,0.99,-0.011738403271244171,-0.02227639471115225,-0.04736897471725448,-0.0072992387414994656,-0.002904990643407222
300,5,23,0.9833333333333333,0.96,0.9633333333333334,0.91,0.99,0.99,-0.01622341196311461,-0.014723256820706345,-0.039370691899274474,-0.002904990643407222,-0.002904990643407222
300,5,24,0.9866666666666667,0.9666666666666667,0.9733333333333334,0.93,0.9966666666666667,0.9966666666666667,-0.013228265733755159,-0.010253634365552973,-0.029963223377443206,0.0,0.0
300,5,25,0.98,0.9566666666666667,0.98,0.9533333333333334,0.9933333333333333,0.9966666666666667,-0.017728766960431602,-0.0072992387414994656,-0.01923935798567011,-0.0014500663952328225,0.0
300,5,26,0.98,0.9733333333333334,0.97,0.9466666666666667,0.9966666666666667,1.0,-0.010253634365552973,-0.011738403271244171,-0.02227639471115225,0.0,0.0014452408741809529
300,5,27,0.9933333333333333,0.97,0.9633333333333334,0.92,0.9933333333333333,0.99,-0.011738403271244171,-0.014723256820706345,-0.034641485655213876,-0.0014500663952328225,-0.002904990643407222
300,5,28,0.99,0.96,0.9533333333333334,0.92,0.99,0.9766666666666667,-0.01622341196311461,-0.01923935798567011,-0.034641485655213876,-0.002904990643407222,-0.00877392430750515
300,5,29,0.99,0.9566666666666667,0.9633333333333334,0.91,0.9933333333333333,0.9833333333333333,-0.017728766960431602,-0.014723256820706345,-0.039370691899274474,-0.0014500663952328225,-0.005829543660723892
300,5,30,0.9866666666666667,0.98,0.96,0.9066666666666666,0.9933333333333333,0.99,-0.0072992387414994656,-0.01622341196311461,-0.04095860767890643,-0.0014500663952328225,-0.002904990643407222
300,5,31,0.9866666666666667,0.9733333333333334,0.9766666666666667,0.9066666666666666,0.98,0.9966666666666667,-0.010253634365552973,-0.00877392430750515,-0.04095860767890643,-0.0072992387414994656,0.0
300,5,32,0.98,0.9833333333333333,0.9666666666666667,0.9133333333333333,0.9933333333333333,0.9933333333333333,-0.005829543660723892,-0.013228265733755159,-0.0377885608893998,-0.0014500663952328225,-0.0014500663952328225
300,5,33,0.9633333333333334,0.9866666666666667,0.9866666666666667,0.91,0.9933333333333333,0.9966666666666667,-0.004364805402450088,-0.004364805402450088,-0.039370691899274474,-0.0014500663952328225,0.0
300,5,34,0.9766666666666667,0.99,0.98,0.9166666666666666,0.9933333333333333,1.0,-0.002904990643407222,-0.0072992387414994656,-0.03621217265444476,-0.0014500663952328225,0.0014452408741809529
300,5,35,0.9833333333333333,0.9833333333333333,0.9666666666666667,0.9133333333333333,0.9866666666666667,1.0,-0.005829543660723892,-0.013228265733755159,-0.0377885608893998,-0.004364805402450088,0.0014452408741809529
300,5,36,0.9766666666666667,0.9933333333333333,0.97,0.95,0.98,0.99,-0.0014500663952328225,-0.011738403271244171,-0.020755221590619464,-0.0072992387414994656,-0.002904990643407222
300,5,37,0.9633333333333334,0.9966666666666667,0.97,0.9166666666666666,0.9933333333333333,0.99,0.0,-0.011738403271244171,-0.03621217265444476,-0.0014500663952328225,-0.002904990643407222
300,5,38,0.9666666666666667,0.99,0.97,0.9266666666666666,0.9933333333333333,0.9933333333333333,-0.002904990643407222,-0.011738403271244171,-0.03151705144606491,-0.0014500663952328225,-0.0014500663952328225
300,5,39,0.9666666666666667,0.9966666666666667,0.98,0.9433333333333334,0.9833333333333333,0.9966666666666667,0.0,-0.0072992387414994656,-0.023802914672624763,-0.005829543660723892,0.0
300,5,40,0.9666666666666667,0.9966666666666667,0.9733333333333334,0.95,0.9933333333333333,0.99,0.0,-0.010253634365552973,-0.020755221590619464,-0.0014500663952328225,-0.002904990643407222
300,5,41,0.97,1.0,0.97,0.9566666666666667,0.9966666666666667,0.9966666666666667,0.0014452408741809529,-0.011738403271244171,-0.017728766960431602,0.0,0.0
300,5,42,0.9566666666666667,1.0,0.9833333333333333,0.9666666666666667,0.9933333333333333,0.9966666666666667,0.0014452408741809529,-0.005829543660723892,-0.013228265733755159,-0.0014500663952328225,0.0
300,5,43,0.9633333333333334,1.0,0.9833333333333333,0.9566666666666667,0.99,0.9966666666666667,0.0014452408741809529,-0.005829543660723892,-0.017728766960431602,-0.002904990643407222,0.0
300,5,44,0.9766666666666667,1.0,0.9733333333333334,0.9666666666666667,0.98,0.9933333333333333,0.0014452408741809529,-0.010253634365552973,-0.013228265733755159,-0.0072992387414994656,-0.0014500663952328225
300,5,45,0.9733333333333334,1.0,0.9766666666666667,0.9533333333333334,0.9966666666666667,0.9966666666666667,0.0014452408741809529,-0.00877392430750515,-0.01923935798567011,0.0,0.0
300,5,46,0.9633333333333334,0.9966666666666667,0.9733333333333334,0.9566666666666667,1.0,1.0,0.0,-0.010253634365552973,-0.017728766960431602,0.0014452408741809529,0.0014452408741809529
300,5,47,0.9533333333333334,0.9966666666666667,0.9733333333333334,0.9666666666666667,1.0,0.9966666666666667,0.0,-0.010253634365552973,-0.013228265733755159,0.0014452408741809529,0.0
300,5,48,0.9366666666666666,0.9966666666666667,0.9866666666666667,0.9866666666666667,0.9966666666666667,0.9966666666666667,0.0,-0.004364805402450088,-0.004364805402450088,0.0,0.0
300,5,49,0.9266666666666666,1.0,0.9633333333333334,0.9833333333333333,0.9933333333333333,1.0,0.0014452408741809529,-0.014723256820706345,-0.005829543660723892,-0.0014500663952328225,0.0014452408741809529
300,5,50,0.9133333333333333,0.9966666666666667,0.9733333333333334,0.9866666666666667,1.0,0.9966666666666667,0.0,-0.010253634365552973,-0.004364805402450088,0.0014452408741809529,0.0
300,5,51,0.9066666666666666,0.9966666666666667,0.9666666666666667,0.9866666666666667,0.9966666666666667,1.0,0.0,-0.013228265733755159,-0.004364805402450088,0.0,0.0014452408741809529
300,5,52,0.92,1.0,0.9866666666666667,0.99,0.9966666666666667,0.9966666666666667,0.0014452408741809529,-0.004364805402450088,-0.002904990643407222,0.0,0.0
300,5,53,0.8966666666666666,1.0,0.9933333333333333,0.9933333333333333,0.9966666666666667,1.0,0.0014452408741809529,-0.0014500663952328225,-0.0014500663952328225,0.0,0.0014452408741809529
300,5,54,0.9033333333333333,1.0,0.98,0.99,0.9966666666666667,0.9966666666666667,0.0014452408741809529,-0.0072992387414994656,-0.002904990643407222,0.0,0.0
300,5,55,0.87,0.9966666666666667,0.9866666666666667,0.9966666666666667,0.9966666666666667,0.9933333333333333,0.0,-0.004364805402450088,0.0,0.0,-0.0014500663952328225
300,5,56,0.87,1.0,0.99,1.0,0.9966666666666667,0.9933333333333333,0.0014452408741809529,-0.002904990643407222,0.0014452408741809529,0.0,-0.0014500663952328225
300,5,57,0.8933333333333333,0.9966666666666667,0.9866666666666667,1.0,0.9933333333333333,1.0,0.0,-0.004364805402450088,0.0014452408741809529,-0.0014500663952328225,0.0014452408741809529
300,5,58,0.8866666666666667,1.0,0.9933333333333333,0.9933333333333333,0.9966666666666667,1.0,0.0014452408741809529,-0.0014500663952328225,-0.0014500663952328225,0.0,0.0014452408741809529
300,5,59,0.9033333333333333,0.9966666666666667,0.9966666666666667,1.0,1.0,1.0,0.0,0.0,0.0014452408741809529,0.0014452408741809529,0.0014452408741809529
300,5,60,0.8866666666666667,1.0,0.99,1.0,1.0,0.9966666666666667,0.0014452408741809529,-0.002904990643407222,0.0014452408741809529,0.0014452408741809529,0.0
300,5,61,0.8566666666666667,1.0,0.9833333333333333,1.0,1.0,1.0,0.0014452408741809529,-0.005829543660723892,0.0014452408741809529,0.0014452408741809529,0.0014452408741809529
300,5,62,0.86,1.0,0.99,1.0,1.0,1.0,0.0014452408741809529,-0.002904990643407222,0.0014452408741809529,0.0014452408741809529,0.0014452408741809529
300,5,63,0.88,1.0,0.9866666666666667,1.0,1.0,1.0,0.0014452408741809529,-0.004364805402450088,0.0014452408741809529,0.0014452408741809529,0.0014452408741809529
300,5,64,0.8633333333333333,1.0,0.9866666666666667,1.0,1.0,0.9966666666666667,0.0014452408741809529,-0.004364805402450088,0.0014452408741809529,0.0014452408741809529,0.0
300,5,65,0.8933333333333333,1.0,0.9866666666666667,0.9966666666666667,1.0,0.9933333333333333,0.0014452408741809529,-0.004364805402450088,0.0,0.0014452408741809529,-0.0014500663952328225
300,5,66,0.8766666666666667,1.0,0.99,1.0,1.0,0.9966666666666667,0.0014452408741809529,-0.002904990643407222,0.0014452408741809529,0.0014452408741809529,0.0
300,5,67,0.8733333333333333,0.9966666666666667,0.99,1.0,1.0,0.9933333333333333,0.0,-0.002904990643407222,0.0014452408741809529,0.0014452408741809529,-0.0014500663952328225
300,5,68,0.8833333333333333,1.0,0.9866666666666667,1.0,1.0,0.9966666666666667,0.0014452408741809529,-0.004364805402450088,0.0014452408741809529,0.0014452408741809529,0.0
300,5,69,0.8366666666666667,0.9966666666666667,0.9966666666666667,0.9966666666666667,1.0,1.0,0.0,0.0,0.0,0.0014452408741809529,0.0014452408741809529
300,5,70,0.8566666666666667,1.0,0.9933333333333333,0.9966666666666667,1.0,0.9966666666666667,0.0014452408741809529,-0.0014500663952328225,0.0,0.0014452408741809529,0.0
300,5,71,0.83,1.0,0.9833333333333333,0.9933333333333333,1.0,1.0,0.0014452408741809529,-0.005829543660723892,-0.0014500663952328225,0.0014452408741809529,0.0014452408741809529
300,5,72,0.8233333333333334,1.0,0.9866666666666667,0.9933333333333333,1.0,1.0,0.0014452408741809529,-0.004364805402450088,-0.0014500663952328225,0.0014452408741809529,0.0014452408741809529
300,5,73,0.8233333333333334,1.0,0.9833333333333333,1.0,1.0,0.9966666666666667,0.0014452408741809529,-0.005829543660723892,0.0014452408741809529,0.0014452408741809529,0.0
300,5,74,0.8633333333333333,1.0,0.9766666666666667,0.9966666666666667,1.0,0.9933333333333333,0.0014452408741809529,-0.00877392430750515,0.0,0.0014452408741809529,-0.0014500663952328225
300,5,75,0.81,1.0,0.9766666666666667,0.99,1.0,0.9966666666666667,0.0014452408741809529,-0.00877392430750515,-0.002904990643407222,0.0014452408741809529,0.0
300,5,76,0.8233333333333334,1.0,0.9733333333333334,1.0,1.0,0.9966666666666667,0.0014452408741809529,-0.010253634365552973,0.0014452408741809529,0.0014452408741809529,0.0
300,5,77,0.8133333333333334,1.0,0.9933333333333333,0.9966666666666667,1.0,1.0,0.0014452408741809529,-0.0014500663952328225,0.0,0.0014452408741809529,0.0014452408741809529
300,5,78,0.82,1.0,0.99,0.9966666666666667,1.0,1.0,0.0014452408741809529,-0.002904990643407222,0.0,0.0014452408741809529,0.0014452408741809529
300,5,79,0.7766666666666666,1.0,0.9933333333333333,1.0,1.0,1.0,0.0014452408741809529,-0.0014500663952328225,0.0014452408741809529,0.0014452408741809529,0.0014452408741809529
300,5,80,0.77,1.0,1.0,0.9933333333333333,1.0,1.0,0.0014452408741809529,0.0014452408741809529,-0.0014500663952328225,0.0014452408741809529,0.0014452408741809529
300,5,81,0.7133333333333334,1.0,0.9933333333333333,0.9966666666666667,1.0,1.0,0.0014452408741809529,-0.0014500663952328225,0.0,0.0014452408741809529,0.0014452408741809529
300,5,82,0.74,1.0,0.9933333333333333,0.9966666666666667,1.0,1.0,0.0014452408741809529,-0.0014500663952328225,0.0,0.0014452408741809529,0.0014452408741809529
300,5,83,0.7766666666666666,1.0,1.0,1.0,1.0,1.0,0.0014452408741809529,0.0014452408741809529,0.0014452408741809529,0.0014452408741809529,0.0014452408741809529
300,5,84,0.77,1.0,0.9933333333333333,1.0,1.0,1.0,0.0014452408741809529,-0.0014500663952328225,0.0014452408741809529,0.0014452408741809529,0.0014452408741809529
300,5,85,0.72,1.0,0.99,1.0,1.0,1.0,0.0014452408741809529,-0.002904990643407222,0.0014452408741809529,0.0014452408741809529,0.0014452408741809529
300,5,86,0.7033333333333334,1.0,0.9966666666666667,1.0,1.0,1.0,0.0014452408741809529,0.0,0.0014452408741809529,0.0014452408741809529,0.0014452408741809529
300,5,87,0.71,1.0,0.9933333333333333,1.0,1.0,1.0,0.0014452408741809529,-0.0014500663952328225,0.0014452408741809529,0.0014452408741809529,0.0014452408741809529
300,5,88,0.7,1.0,0.9933333333333333,1.0,1.0,1.0,0.0014452408741809529,-0.0014500663952328225,0.0014452408741809529,0.0014452408741809529,0.0014452408741809529
300,5,89,0.6866666666666666,1.0,0.9866666666666667,1.0,1.0,1.0,0.0014452408741809529,-0.004364805402450088,0.0014452408741809529,0.0014452408741809529,0.0014452408741809529
300,5,90,0.6466666666666666,1.0,0.9933333333333333,1.0,1.0,1.0,0.0014452408741809529,-0.0014500663952328225,0.0014452408741809529,0.0014452408741809529,0.0014452408741809529
300,5,91,0.6866666666666666,1.0,0.9933333333333333,1.0,1.0,1.0,0.0014452408741809529,-0.0014500663952328225,0.0014452408741809529,0.0014452408741809529,0.0014452408741809529
300,5,92,0.6833333333333333,1.0,1.0,1.0,1.0,1.0,0.0014452408741809529,0.0014452408741809529,0.0014452408741809529,0.0014452408741809529,0.0014452408741809529
300,5,93,0.6533333333333333,1.0,1.0,1.0,1.0,1.0,0.0014452408741809529,0.0014452408741809529,0.0014452408741809529,0.0014452408741809529,0.0014452408741809529
300,5,94,0.6566666666666666,1.0,0.9966666666666667,1.0,1.0,1.0,0.0014452408741809529,0.0,0.0014452408741809529,0.0014452408741809529,0.0014452408741809529
300,5,95,0.6466666666666666,1.0,1.0,1.0,1.0,1.0,0.0014452408741809529,0.0014452408741809529,0.0014452408741809529,0.0014452408741809529,0.0014452408741809529
300,5,96,0.6766666666666666,1.0,0.9966666666666667,1.0,1.0,1.0,0.0014452408741809529,0.0,0.0014452408741809529,0.0014452408741809529,0.0014452408741809529
300,5,97,0.63,1.0,1.0,1.0,1.0,1.0,0.0014452408741809529,0.0014452408741809529,0.0014452408741809529,0.0014452408741809529,0.0014452408741809529
300,5,98,0.6733333333333333,1.0,1.0,1.0,1.0,1.0,0.0014452408741809529,0.0014452408741809529,0.0014452408741809529,0.0014452408741809529,0.0014452408741809529
300,5,99,0.6266666666666667,1.0,1.0,1.0,1.0,1.0,0.0014452408741809529,0.0014452408741809529,0.0014452408741809529,0.0014452408741809529,0.0014452408741809529
300,5,100,0.64,1.0,1.0,1.0,1.0,1.0,0.0014452408741809529,0.0014452408741809529,0.0014452408741809529,0.0014452408741809529,0.0014452408741809529
300,5,101,0.6733333333333333,1.0,1.0,1.0,1.0,1.0,0.0014452408741809529,0.0014452408741809529,0.0014452408741809529,0.0014452408741809529,0.0014452408741809529
300,5,102,0.6733333333333333,1.0,1.0,1.0,1.0,1.0,0.0014452408741809529,0.0014452408741809529,0.0014452408741809529,0.0014452408741809529,0.0014452408741809529
300,5,103,0.6533333333333333,1.0,1.0,1.0,1.0,1.0,0.0014452408741809529,0.0014452408741809529,0.0014452408741809529,0.0014452408741809529,0.0014452408741809529
300,5,104,0.6533333333333333,1.0,0.9966666666666667,1.0,1.0,1.0,0.0014452408741809529,0.0,0.0014452408741809529,0.0014452408741809529,0.0014452408741809529
300,5,105,0.6833333333333333,1.0,0.9966666666666667,1.0,1.0,1.0,0.0014452408741809529,0.0,0.0014452408741809529,0.0014452408741809529,0.0014452408741809529
300,5,106,0.6466666666666666,1.0,1.0,1.0,1.0,1.0,0.0014452408741809529,0.0014452408741809529,0.0014452408741809529,0.0014452408741809529,0.0014452408741809529
300,5,107,0.67,1.0,0.9966666666666667,1.0,1.0,1.0,0.0014452408741809529,0.0,0.0014452408741809529,0.0014452408741809529,0.0014452408741809529
300,5,108,0.6266666666666667,1.0,0.9966666666666667,1.0,1.0,1.0,0.0014452408741809529,0.0,0.0014452408741809529,0.0014452408741809529,0.0014452408741809529
300,5,109,0.6366666666666667,1.0,0.9933333333333333,1.0,1.0,1.0,0.0014452408741809529,-0.0014500663952328225,0.0014452408741809529,0.0014452408741809529,0.0014452408741809529
300,5,110,0.61,1.0,1.0,1.0,1.0,1.0,0.0014452408741809529,0.0014452408741809529,0.0014452408741809529,0.0014452408741809529,0.0014452408741809529
300,5,111,0.6133333333333333,1.0,0.9933333333333333,1.0,1.0,1.0,0.0014452408741809529,-0.0014500663952328225,0.0014452408741809529,0.0014452408741809529,0.0014452408741809529
300,5,112,0.5833333333333334,1.0,0.9866666666666667,1.0,1.0,1.0,0.0014452408741809529,-0.004364805402450088,0.0014452408741809529,0.0014452408741809529,0.0014452408741809529
300,5,113,0.5966666666666667,1.0,1.0,1.0,1.0,1.0,0.0014452408741809529,0.0014452408741809529,0.0014452408741809529,0.0014452408741809529,0.0014452408741809529
300,5,114,0.5666666666666667,1.0,1.0,1.0,1.0,1.0,0.0014452408741809529,0.0014452408741809529,0.0014452408741809529,0.0014452408741809529,0.0014452408741809529
300,5,115,0.5933333333333334,1.0,1.0,1.0,1.0,1.0,0.0014452408741809529,0.0014452408741809529,0.0014452408741809529,0.0014452408741809529,0.0014452408741809529
300,5,116,0.5366666666666666,1.0,1.0,1.0,1.0,1.0,0.0014452408741809529,0.0014452408741809529,0.0014452408741809529,0.0014452408741809529,0.0014452408741809529
300,5,117,0.55,1.0,1.0,1.0,1.0,1.0,0.0014452408741809529,0.0014452408741809529,0.0014452408741809529,0.0014452408741809529,0.0014452408741809529
300,5,118,0.5133333333333333,1.0,1.0,1.0,1.0,1.0,0.0014452408741809529,0.0014452408741809529,0.0014452408741809529,0.0014452408741809529,0.0014452408741809529
300,5,119,0.54,1.0,1.0,1.0,1.0,1.0,0.0014452408741809529,0.0014452408741809529,0.0014452408741809529,0.0014452408741809529,0.0014452408741809529
300,5,120,0.5733333333333334,1.0,1.0,1.0,1.0,1.0,0.0014452408741809529,0.0014452408741809529,0.0014452408741809529,0.0014452408741809529,0.0014452408741809529
300,5,121,0.54,1.0,1.0,1.0,1.0,1.0,0.0014452408741809529,0.0014452408741809529,0.0014452408741809529,0.0014452408741809529,0.0014452408741809529
300,5,122,0.5,1.0,1.0,1.0,1.0,1.0,0.0014452408741809529,0.0014452408741809529,0.0014452408741809529,0.0014452408741809529,0.0014452408741809529
300,5,123,0.5433333333333333,1.0,1.0,1.0,1.0,1.0,0.0014452408741809529,0.0014452408741809529,0.0014452408741809529,0.0014452408741809529,0.0014452408741809529
300,5,124,0.58,1.0,0.99,1.0,1.0,1.0,0.0014452408741809529,-0.002904990643407222,0.0014452408741809529,0.0014452408741809529,0.0014452408741809529
300,5,125,0.54,1.0,0.9966666666666667,1.0,1.0,1.0,0.0014452408741809529,0.0,0.0014452408741809529,0.0014452408741809529,0.0014452408741809529
300,5,126,0.5266666666666666,1.0,1.0,1.0,1.0,1.0,0.0014452408741809529,0.0014452408741809529,0.0014452408741809529,0.0014452408741809529,0.0014452408741809529
300,5,127,0.4866666666666667,1.0,1.0,1.0,1.0,1.0,0.0014452408741809529,0.0014452408741809529,0.0014452408741809529,0.0014452408741809529,0.0014452408741809529
300,5,128,0.4666666666666667,1.0,1.0,1.0,1.0,1.0,0.0014452408741809529,0.0014452408741809529,0.0014452408741809529,0.0014452408741809529,0.0014452408741809529
300,5,129,0.45666666666666667,1.0,1.0,1.0,1.0,1.0,0.0014452408741809529,0.0014452408741809529,0.0014452408741809529,0.0014452408741809529,0.0014452408741809529
300,5,130,0.4,1.0,0.9966666666666667,1.0,1.0,1.0,0.0014452408741809529,0.0,0.0014452408741809529,0.0014452408741809529,0.0014452408741809529
300,5,131,0.4066666666666667,1.0,1.0,1.0,1.0,1.0,0.0014452408741809529,0.0014452408741809529,0.0014452408741809529,0.0014452408741809529,0.0014452408741809529
300,5,132,0.38,1.0,1.0,1.0,1.0,1.0,0.0014452408741809529,0.0014452408741809529,0.0014452408741809529,0.0014452408741809529,0.0014452408741809529
300,5,133,0.3433333333333333,1.0,1.0,1.0,1.0,1.0,0.0014452408741809529,0.0014452408741809529,0.0014452408741809529,0.0014452408741809529,0.0014452408741809529
300,5,134,0.33,1.0,1.0,1.0,1.0,1.0,0.0014452408741809529,0.0014452408741809529,0.0014452408741809529,0.0014452408741809529,0.0014452408741809529
300,5,135,0.3566666666666667,1.0,1.0,1.0,1.0,1.0,0.0014452408741809529,0.0014452408741809529,0.0014452408741809529,0.0014452408741809529,0.0014452408741809529
300,5,136,0.3233333333333333,1.0,0.9966666666666667,1.0,1.0,1.0,0.0014452408741809529,0.0,0.0014452408741809529,0.0014452408741809529,0.0014452408741809529
300,5,137,0.31333333333333335,1.0,1.0,1.0,1.0,1.0,0.0014452408741809529,0.0014452408741809529,0.0014452408741809529,0.0014452408741809529,0.0014452408741809529
300,5,138,0.3333333333333333,1.0,1.0,1.0,1.0,1.0,0.0014452408741809529,0.0014452408741809529,0.0014452408741809529,0.0014452408741809529,0.0014452408741809529
300,5,139,0.33,1.0,1.0,1.0,1.0,1.0,0.0014452408741809529,0.0014452408741809529,0.0014452408741809529,0.0014452408741809529,0.0014452408741809529
300,5,140,0.3233333333333333,1.0,1.0,1.0,1.0,1.0,0.0014452408741809529,0.0014452408741809529,0.0014452408741809529,0.0014452408741809529,0.0014452408741809529
300,5,141,0.30666666666666664,1.0,1.0,1.0,1.0,1.0,0.0014452408741809529,0.0014452408741809529,0.0014452408741809529,0.0014452408741809529,0.0014452408741809529
300,5,142,0.31333333333333335,1.0,1.0,1.0,1.0,1.0,0.0014452408741809529,0.0014452408741809529,0.0014452408741809529,0.0014452408741809529,0.0014452408741809529
300,5,143,0.31333333333333335,1.0,1.0,1.0,1.0,1.0,0.0014452408741809529,0.0014452408741809529,0.0014452408741809529,0.0014452408741809529,0.0014452408741809529
300,5,144,0.27666666666666667,1.0,1.0,1.0,1.0,1.0,0.0014452408741809529,0.0014452408741809529,0.0014452408741809529,0.0014452408741809529,0.0014452408741809529
300,5,145,0.2866666666666667,1.0,1.0,1.0,1.0,1.0,0.0014452408741809529,0.0014452408741809529,0.0014452408741809529,0.0014452408741809529,0.0014452408741809529
300,5,146,0.28,1.0,1.0,1.0,1.0,1.0,0.0014452408741809529,0.0014452408741809529,0.0014452408741809529,0.0014452408741809529,0.0014452408741809529
300,5,147,0.2966666666666667,1.0,1.0,1.0,1.0,1.0,0.0014452408741809529,0.0014452408741809529,0.0014452408741809529,0.0014452408741809529,0.0014452408741809529
300,5,148,0.32,1.0,1.0,1.0,1.0,1.0,0.0014452408741809529,0.0014452408741809529,0.0014452408741809529,0.0014452408741809529,0.0014452408741809529
300,5,149,0.33666666666666667,1.0,1.0,1.0,1.0,1.0,0.0014452408741809529,0.0014452408741809529,0.0014452408741809529,0.0014452408741809529,0.0014452408741809529
300,5,150,0.3333333333333333,1.0,1.0,1.0,1.0,1.0,0.0014452408741809529,0.0014452408741809529,0.0014452408741809529,0.0014452408741809529,0.0014452408741809529
300,5,151,0.3333333333333333,1.0,1.0,1.0,1.0,1.0,0.0014452408741809529,0.0014452408741809529,0.0014452408741809529,0.0014452408741809529,0.0014452408741809529
300,5,152,0.33,1.0,1.0,1.0,1.0,1.0,0.0014452408741809529,0.0014452408741809529,0.0014452408741809529,0.0014452408741809529,0.0014452408741809529
300,5,153,0.31666666666666665,1.0,1.0,1.0,1.0,1.0,0.0014452408741809529,0.0014452408741809529,0.0014452408741809529,0.0014452408741809529,0.0014452408741809529
300,5,154,0.29333333333333333,1.0,1.0,1.0,1.0,1.0,0.0014452408741809529,0.0014452408741809529,0.0014452408741809529,0.0014452408741809529,0.0014452408741809529
300,5,155,0.2866666666666667,1.0,1.0,1.0,1.0,1.0,0.0014452408741809529,0.0014452408741809529,0.0014452408741809529,0.0014452408741809529,0.0014452408741809529
300,5,156,0.29,1.0,1.0,1.0,1.0,1.0,0.0014452408741809529,0.0014452408741809529,0.0014452408741809529,0.0014452408741809529,0.0014452408741809529
300,5,157,0.2633333333333333,1.0,1.0,1.0,1.0,1.0,0.0014452408741809529,0.0014452408741809529,0.0014452408741809529,0.0014452408741809529,0.0014452408741809529
300,5,158,0.25,1.0,1.0,1.0,1.0,1.0,0.0014452408741809529,0.0014452408741809529,0.0014452408741809529,0.0014452408741809529,0.0014452408741809529
300,5,159,0.25,1.0,1.0,1.0,1.0,1.0,0.0014452408741809529,0.0014452408741809529,0.0014452408741809529,0.0014452408741809529,0.0014452408741809529
300,5,160,0.25,1.0,1.0,1.0,1.0,1.0,0.0014452408741809529,0.0014452408741809529,0.0014452408741809529,0.0014452408741809529,0.0014452408741809529
300,5,161,0.25,1.0,1.0,1.0,1.0,1.0,0.0014452408741809529,0.0014452408741809529,0.0014452408741809529,0.0014452408741809529,0.0014452408741809529
300,5,162,0.27666666666666667,1.0,1.0,1.0,1.0,1.0,0.0014452408741809529,0.0014452408741809529,0.0014452408741809529,0.0014452408741809529,0.0014452408741809529
300,5,163,0.2733333333333333,1.0,1.0,1.0,1.0,1.0,0.0014452408741809529,0.0014452408741809529,0.0014452408741809529,0.0014452408741809529,0.0014452408741809529
300,5,164,0.2833333333333333,1.0,1.0,1.0,1.0,1.0,0.0014452408741809529,0.0014452408741809529,0.0014452408741809529,0.0014452408741809529,0.0014452408741809529
300,5,165,0.28,1.0,1.0,1.0,1.0,1.0,0.0014452408741809529,0.0014452408741809529,0.0014452408741809529,0.0014452408741809529,0.0014452408741809529
300,5,166,0.2833333333333333,1.0,1.0,1.0,1.0,1.0,0.0014452408741809529,0.0014452408741809529,0.0014452408741809529,0.0014452408741809529,0.0014452408741809529
300,5,167,0.2966666666666667,1.0,1.0,1.0,1.0,1.0,0.0014452408741809529,0.0014452408741809529,0.0014452408741809529,0.0014452408741809529,0.0014452408741809529
300,5,168,0.2733333333333333,1.0,1.0,1.0,1.0,1.0,0.0014452408741809529,0.0014452408741809529,0.0014452408741809529,0.0014452408741809529,0.0014452408741809529
300,5,169,0.27666666666666667,1.0,1.0,1.0,1.0,1.0,0.0014452408741809529,0.0014452408741809529,0.0014452408741809529,0.0014452408741809529,0.0014452408741809529
300,5,170,0.2866666666666667,1.0,1.0,1.0,1.0,1.0,0.0014452408741809529,0.0014452408741809529,0.0014452408741809529,0.0014452408741809529,0.0014452408741809529
300,5,171,0.26,1.0,1.0,1.0,1.0,1.0,0.0014452408741809529,0.0014452408741809529,0.0014452408741809529,0.0014452408741809529,0.0014452408741809529
300,5,172,0.24333333333333335,1.0,1.0,1.0,1.0,1.0,0.0014452408741809529,0.0014452408741809529,0.0014452408741809529,0.0014452408741809529,0.0014452408741809529
300,5,173,0.24,1.0,1.0,1.0,1.0,1.0,0.0014452408741809529,0.0014452408741809529,0.0014452408741809529,0.0014452408741809529,0.0014452408741809529
300,5,174,0.23333333333333334,1.0,1.0,1.0,1.0,1.0,0.0014452408741809529,0.0014452408741809529,0.0014452408741809529,0.0014452408741809529,0.0014452408741809529
300,5,175,0.2,1.0,1.0,1.0,1.0,1.0,0.0014452408741809529,0.0014452408741809529,0.0014452408741809529,0.0014452408741809529,0.0014452408741809529
300,5,176,0.20333333333333334,1.0,1.0,1.0,1.0,1.0,0.0014452408741809529,0.0014452408741809529,0.0014452408741809529,0.0014452408741809529,0.0014452408741809529
300,5,177,0.2,1.0,1.0,1.0,1.0,1.0,0.0014452408741809529,0.0014452408741809529,0.0014452408741809529,0.0014452408741809529,0.0014452408741809529
300,5,178,0.22,1.0,1.0,1.0,1.0,1.0,0.0014452408741809529,0.0014452408741809529,0.0014452408741809529,0.0014452408741809529,0.0014452408741809529
300,5,179,0.19,1.0,1.0,1.0,1.0,1.0,0.0014452408741809529,0.0014452408741809529,0.0014452408741809529,0.0014452408741809529,0.0014452408741809529
300,5,180,0.20333333333333334,1.0,1.0,1.0,1.0,1.0,0.0014452408741809529,0.0014452408741809529,0.0014452408741809529,0.0014452408741809529,0.0014452408741809529
300,5,181,0.22,1.0,1.0,1.0,1.0,1.0,0.0014452408741809529,0.0014452408741809529,0.0014452408741809529,0.0014452408741809529,0.0014452408741809529
300,5,182,0.21,1.0,1.0,1.0,1.0,1.0,0.0014452408741809529,0.0014452408741809529,0.0014452408741809529,0.0014452408741809529,0.0014452408741809529
300,5,183,0.19333333333333333,1.0,1.0,1.0,1.0,1.0,0.0014452408741809529,0.0014452408741809529,0.0014452408741809529,0.0014452408741809529,0.0014452408741809529
300,5,184,0.20333333333333334,1.0,1.0,1.0,1.0,1.0,0.0014452408741809529,0.0014452408741809529,0.0014452408741809529,0.0014452408741809529,0.0014452408741809529
300,5,185,0.21333333333333335,1.0,1.0,1.0,1.0,1.0,0.0014452408741809529,0.0014452408741809529,0.0014452408741809529,0.0014452408741809529,0.0014452408741809529
300,5,186,0.20666666666666667,1.0,1.0,1.0,1.0,1.0,0.0014452408741809529,0.0014452408741809529,0.0014452408741809529,0.0014452408741809529,0.0014452408741809529
300,5,187,0.19,1.0,1.0,1.0,1.0,1.0,0.0014452408741809529,0.0014452408741809529,0.0014452408741809529,0.0014452408741809529,0.0014452408741809529
300,5,188,0.18666666666666668,1.0,1.0,1.0,1.0,1.0,0.0014452408741809529,0.0014452408741809529,0.0014452408741809529,0.0014452408741809529,0.0014452408741809529
300,5,189,0.20666666666666667,1.0,1.0,1.0,1.0,1.0,0.0014452408741809529,0.0014452408741809529,0.0014452408741809529,0.0014452408741809529,0.0014452408741809529
300,5,190,0.22333333333333333,1.0,1.0,1.0,1.0,1.0,0.0014452408741809529,0.0014452408741809529,0.0014452408741809529,0.0014452408741809529,0.0014452408741809529
300,5,191,0.21666666666666667,1.0,1.0,1.0,1.0,1.0,0.0014452408741809529,0.0014452408741809529,0.0014452408741809529,0.0014452408741809529,0.0014452408741809529
300,5,192,0.20666666666666667,1.0,1.0,1.0,1.0,1.0,0.0014452408741809529,0.0014452408741809529,0.0014452408741809529,0.0014452408741809529,0.0014452408741809529
300,5,193,0.21,1.0,1.0,1.0,1.0,1.0,0.0014452408741809529,0.0014452408741809529,0.0014452408741809529,0.0014452408741809529,0.0014452408741809529
300,5,194,0.18666666666666668,1.0,1.0,1.0,1.0,1.0,0.0014452408741809529,0.0014452408741809529,0.0014452408741809529,0.0014452408741809529,0.0014452408741809529
300,5,195,0.18666666666666668,1.0,1.0,1.0,1.0,1.0,0.0014452408741809529,0.0014452408741809529,0.0014452408741809529,0.0014452408741809529,0.0014452408741809529
300,5,196,0.18666666666666668,1.0,1.0,1.0,1.0,1.0,0.0014452408741809529,0.0014452408741809529,0.0014452408741809529,0.0014452408741809529,0.0014452408741809529
300,5,197,0.17,1.0,1.0,1.0,1.0,1.0,0.0014452408741809529,0.0014452408741809529,0.0014452408741809529,0.0014452408741809529,0.0014452408741809529
300,5,198,0.17666666666666667,1.0,1.0,1.0,1.0,1.0,0.0014452408741809529,0.0014452408741809529,0.0014452408741809529,0.0014452408741809529,0.0014452408741809529
300,5,199,0.15333333333333332,1.0,1.0,1.0,1.0,1.0,0.0014452408741809529,0.0014452408741809529,0.0014452408741809529,0.0014452408741809529,0.0014452408741809529
